-- MySQL dump 10.13  Distrib 5.7.12, for Win32 (AMD64)
--
-- Host: localhost    Database: neurona
-- ------------------------------------------------------
-- Server version	5.5.5-10.1.13-MariaDB

/*!40101 SET @OLD_CHARACTER_SET_CLIENT=@@CHARACTER_SET_CLIENT */;
/*!40101 SET @OLD_CHARACTER_SET_RESULTS=@@CHARACTER_SET_RESULTS */;
/*!40101 SET @OLD_COLLATION_CONNECTION=@@COLLATION_CONNECTION */;
/*!40101 SET NAMES utf8 */;
/*!40103 SET @OLD_TIME_ZONE=@@TIME_ZONE */;
/*!40103 SET TIME_ZONE='+00:00' */;
/*!40014 SET @OLD_UNIQUE_CHECKS=@@UNIQUE_CHECKS, UNIQUE_CHECKS=0 */;
/*!40014 SET @OLD_FOREIGN_KEY_CHECKS=@@FOREIGN_KEY_CHECKS, FOREIGN_KEY_CHECKS=0 */;
/*!40101 SET @OLD_SQL_MODE=@@SQL_MODE, SQL_MODE='NO_AUTO_VALUE_ON_ZERO' */;
/*!40111 SET @OLD_SQL_NOTES=@@SQL_NOTES, SQL_NOTES=0 */;

--
-- Table structure for table `entradas`
--

DROP TABLE IF EXISTS `entradas`;
/*!40101 SET @saved_cs_client     = @@character_set_client */;
/*!40101 SET character_set_client = utf8 */;
CREATE TABLE `entradas` (
  `id_entrada` int(11) NOT NULL AUTO_INCREMENT,
  `id_letra` int(11) NOT NULL,
  `id_posicion` int(11) NOT NULL,
  `e1` varchar(2) NOT NULL,
  `e2` varchar(2) NOT NULL,
  `e3` varchar(2) NOT NULL,
  `e4` varchar(2) NOT NULL,
  `e5` varchar(2) NOT NULL,
  `e6` varchar(2) NOT NULL,
  `e7` varchar(2) NOT NULL,
  `e8` varchar(2) NOT NULL,
  `e9` varchar(2) NOT NULL,
  `salida` varchar(2) NOT NULL,
  `objeto` int(11) NOT NULL,
  PRIMARY KEY (`id_entrada`),
  KEY `fk_entradas` (`id_letra`),
  CONSTRAINT `fk_entradas` FOREIGN KEY (`id_letra`) REFERENCES `letras` (`id_letra`)
) ENGINE=InnoDB AUTO_INCREMENT=220 DEFAULT CHARSET=latin1;
/*!40101 SET character_set_client = @saved_cs_client */;

--
-- Dumping data for table `entradas`
--

LOCK TABLES `entradas` WRITE;
/*!40000 ALTER TABLE `entradas` DISABLE KEYS */;
INSERT INTO `entradas` VALUES (31,2,1,'1','1','1','1','1','1','1','1','1','-1',1),(32,2,2,'1','1','1','1','1','1','1','1','1','-1',1),(33,2,3,'1','1','0','0','0','0','0','0','0','1',1),(34,2,4,'1','1','1','1','1','1','1','1','1','-1',1),(35,2,5,'1','1','1','1','1','1','1','1','1','-1',1),(36,2,6,'1','1','0','0','0','0','0','0','0','1',1),(37,2,7,'1','1','0','0','0','0','0','0','0','1',1),(38,2,8,'1','1','1','1','1','1','1','1','1','-1',1),(39,2,9,'1','1','1','1','1','1','1','1','1','-1',1),(49,3,1,'1','1','1','1','1','1','1','1','1','-1',1),(50,3,2,'1','1','1','1','1','1','1','1','1','-1',1),(51,3,3,'1','1','1','1','1','1','1','1','1','-1',1),(52,3,4,'0','0','0','1','1','1','0','0','0','-1',1),(53,3,5,'0','0','0','1','1','1','0','0','0','-1',1),(54,3,6,'0','0','0','1','1','1','0','0','0','-1',1),(55,3,7,'1','1','1','1','1','1','1','1','1','-1',1),(56,3,8,'1','1','1','1','1','1','1','1','1','-1',1),(57,3,9,'1','1','1','1','1','1','1','1','1','-1',1),(58,4,1,'1','1','1','1','1','1','1','1','1','-1',1),(59,4,2,'1','1','1','1','1','1','1','1','1','-1',1),(60,4,3,'1','1','0','0','0','0','0','1','1','1',1),(61,4,4,'1','1','0','0','0','0','0','1','1','1',1),(62,4,5,'1','1','0','0','0','0','0','1','1','1',1),(63,4,6,'1','1','0','0','0','0','0','1','1','1',1),(64,4,7,'1','1','0','0','0','0','0','1','1','1',1),(65,4,8,'1','1','1','1','1','1','1','1','1','-1',1),(66,4,9,'1','1','1','1','1','1','1','1','1','-1',1),(94,5,1,'1','1','0','0','0','0','0','1','1','1',1),(95,5,2,'1','1','0','0','0','0','0','1','1','1',1),(96,5,3,'1','1','0','0','0','0','0','1','1','1',1),(97,5,4,'1','1','0','0','0','0','0','1','1','1',1),(98,5,5,'1','1','0','0','0','0','0','1','1','1',1),(99,5,6,'1','1','0','0','0','0','0','1','1','1',1),(100,5,7,'1','1','0','0','0','0','0','1','1','1',1),(101,5,8,'1','1','1','1','1','1','1','1','1','-1',1),(138,5,9,'1','1','1','1','1','1','1','1','1','-1',1),(175,1,1,'1','1','1','1','1','1','1','1','1','-1',1),(176,1,2,'1','1','1','1','1','1','1','1','1','-1',1),(177,1,3,'1','1','0','0','0','0','0','1','1','1',1),(178,1,4,'1','1','0','0','0','0','0','1','1','1',1),(179,1,5,'1','1','1','1','1','1','1','1','1','-1',1),(180,1,6,'1','1','1','1','1','1','1','1','1','-1',1),(181,1,7,'1','1','0','0','0','0','0','1','1','1',1),(182,1,8,'1','1','0','0','0','0','0','1','1','1',1),(183,1,9,'1','1','0','0','0','0','0','1','1','1',1),(211,1,1,'0','0','1','1','1','1','1','0','0','1',2),(212,1,2,'0','1','1','1','1','1','1','1','0','1',2),(213,1,3,'1','1','0','0','0','0','0','1','1','1',2),(214,1,4,'1','1','0','0','0','0','0','1','1','1',2),(215,1,5,'1','1','1','1','1','1','1','1','1','-1',2),(216,1,6,'1','1','1','1','1','1','1','1','1','-1',2),(217,1,7,'1','1','0','0','0','0','0','1','1','1',2),(218,1,8,'1','1','0','0','0','0','0','1','1','1',2),(219,1,9,'1','1','0','0','0','0','0','1','1','1',2);
/*!40000 ALTER TABLE `entradas` ENABLE KEYS */;
UNLOCK TABLES;

--
-- Table structure for table `letras`
--

DROP TABLE IF EXISTS `letras`;
/*!40101 SET @saved_cs_client     = @@character_set_client */;
/*!40101 SET character_set_client = utf8 */;
CREATE TABLE `letras` (
  `id_letra` int(11) NOT NULL AUTO_INCREMENT,
  `letra` varchar(2) NOT NULL,
  PRIMARY KEY (`id_letra`)
) ENGINE=InnoDB AUTO_INCREMENT=6 DEFAULT CHARSET=latin1;
/*!40101 SET character_set_client = @saved_cs_client */;

--
-- Dumping data for table `letras`
--

LOCK TABLES `letras` WRITE;
/*!40000 ALTER TABLE `letras` DISABLE KEYS */;
INSERT INTO `letras` VALUES (1,'A'),(2,'E'),(3,'I'),(4,'O'),(5,'U');
/*!40000 ALTER TABLE `letras` ENABLE KEYS */;
UNLOCK TABLES;

--
-- Table structure for table `peso`
--

DROP TABLE IF EXISTS `peso`;
/*!40101 SET @saved_cs_client     = @@character_set_client */;
/*!40101 SET character_set_client = utf8 */;
CREATE TABLE `peso` (
  `id_neurona` int(11) NOT NULL,
  `p1` double NOT NULL,
  `p2` double NOT NULL,
  `p3` double NOT NULL,
  `p4` double NOT NULL,
  `p5` double NOT NULL,
  `p6` double NOT NULL,
  `p7` double NOT NULL,
  `p8` double NOT NULL,
  `p9` double NOT NULL,
  `umbral` double NOT NULL,
  PRIMARY KEY (`id_neurona`)
) ENGINE=InnoDB DEFAULT CHARSET=latin1;
/*!40101 SET character_set_client = @saved_cs_client */;

--
-- Dumping data for table `peso`
--

LOCK TABLES `peso` WRITE;
/*!40000 ALTER TABLE `peso` DISABLE KEYS */;
INSERT INTO `peso` VALUES (1,0.14880671468563378,0.45227609295397997,-0.33153022616170347,-0.5952918352559209,-1.1904232641682029,-0.335922408150509,-0.730395870981738,0.9316081444267184,0.729286078363657,1.1315576159395278),(2,0.784421935910359,0.910427070222795,-2.9814355878625065,0.7914928842801601,-2.454584857914597,0.962872933363542,-2.482210072223097,0.7749988306313753,0.2824089059140533,-2.035811194451526),(3,0.22371533582918346,0.9067531020846218,0.6338865580037236,-1.8830460850149393,-1.3368323394097388,-1.152799610979855,0.17114324448630214,-1.0662303045392036,-1.2313269865699112,-1.3133242903277278),(4,2.225232675205916,-0.2668706504628062,-0.6255225527565926,-0.1773653170093894,-0.8449818925000727,-0.8705675806850195,-0.42371568572707474,-0.6596803879365325,2.0699615196790546,1.7309195143170655),(5,0.9923893439117819,0.7293440869543701,-0.8992128155659884,-0.6583814255427569,-0.6760027601849288,-0.36869481625035405,-0.5379656623117626,0.41004782682284713,0.043377418303862214,0.7290641537401825),(6,1.2775364993140101,2.5453785012941808,-0.06955267651937902,-1.1036660359241068,-1.881899959873408,-1.6309257568791509,-0.7376188451889902,-0.2794037335552275,-1.8514055877458304,0.8500865458045155),(7,0.9347871681675315,2.4798255395144224,-0.9613657705485821,-0.5494777224957943,-0.19045312539674342,-0.8735519989859313,-0.16637154179625213,0.17027519084513187,-1.7515846889000386,0.2226879398804158),(8,0.03389695566147566,1.6881636853795499,-0.4625945531297475,-0.5014446971472353,-0.988167961826548,-0.6479521051514894,-0.7962789186276495,1.1701299319975078,0.32396865845657885,0.12169703911058605),(9,0.6732827806845307,1.658091799588874,-1.7823036026675254,-1.0145652808714658,-1.6758659658953547,-1.7155220045242459,-1.923844437347725,1.9069480570033193,0.08865815494209528,0.24131397670134902);
/*!40000 ALTER TABLE `peso` ENABLE KEYS */;
UNLOCK TABLES;
/*!40103 SET TIME_ZONE=@OLD_TIME_ZONE */;

/*!40101 SET SQL_MODE=@OLD_SQL_MODE */;
/*!40014 SET FOREIGN_KEY_CHECKS=@OLD_FOREIGN_KEY_CHECKS */;
/*!40014 SET UNIQUE_CHECKS=@OLD_UNIQUE_CHECKS */;
/*!40101 SET CHARACTER_SET_CLIENT=@OLD_CHARACTER_SET_CLIENT */;
/*!40101 SET CHARACTER_SET_RESULTS=@OLD_CHARACTER_SET_RESULTS */;
/*!40101 SET COLLATION_CONNECTION=@OLD_COLLATION_CONNECTION */;
/*!40111 SET SQL_NOTES=@OLD_SQL_NOTES */;

-- Dump completed on 2016-10-18 22:20:10
